normalized_address	formatted_address	lat	lon	distance_between_corners	ne_lat	ne_lon	sw_lat	sw_lon
arctic ocean franz josef land hook island	Arctic	76.2505778	-100.1139521	3982.8597538706126	86.99381029999999	180	51.175092	-180
arctic ocean franz josef land luigi island	Luigi Island, Arkhangelsk Oblast, Russia	80.7956487	54.8392583	39.0836554953569	80.875841	55.9689164	80.709661	54.0330582
brazil macapa	Macapá, State of Amapá, Brazil	0.04052170000000001	-51.0560957	37.9708647126541	0.2457336	-51.00506	-0.042189	-51.1886614
brazil obidos	Óbidos - State of Pará, Brazil	-1.8963725	-55.5176169	536.3612091589005	2.4091678	-55.0698412	-2.263508	-56.2673942
brazil santarem	Santarém, State of Pará, Brazil	-2.4406918	-54.7136192	18.401630741264306	-2.4058051	-54.6687524	-2.4973763	-54.806725
cameroon lobeke national park	Lobéké National Park, Cameroon	2.292747	15.6881788	99.72566252144065	2.5726825	16.1869813	2.1034092	15.4220581
canada british columbia	British Columbia, Canada	53.7266683	-127.6476206	2069.0893054715502	60.0000616	-114.0537582	48.224556	-139.061953
canada tsiigehtchic northwest territories	Tsiigehtchic, NT X0E, Canada	67.4418167	-133.7429147	14.20775919269211	67.471892	-133.5704208	67.384652	-133.813636
canada winnipeg manitoba	Winnipeg, MB, Canada	49.8954221	-97.1385145	42.00941979092339	49.9940074	-96.95652919999999	49.7135538	-97.3491505
congo brazzaville	Republic of the Congo	-0.228021	15.827659	1287.7891727114868	3.707791	18.650421	-5.0964	11.1182001
congo brazzaville	Brazzaville, Republic of the Congo	-4.2744405	15.2812803	34.03055625434399	-4.1233473	15.3173448	-4.3710429	15.1371001
congo epena	Epena, Republic of the Congo	1.3551825	17.4484616	2.3353207104105844	1.3617473	17.4557303	1.3464737	17.4413109
congo likouala	Likouala, Republic of the Congo	2.043924000000001	17.668887	553.8554004025466	3.707791	18.650421	-0.7531477	16.4333156
congo moembe	Moembe, Republic of the Congo	-2.9169716	15.6339216	2.716238315364945	-2.9087105	15.642085	-2.9261117	15.6249189
congo oyo	Oyo, Republic of the Congo	-1.1607095	15.9758633	3.8678637762703976	-1.144991	15.9891415	-1.1703059	15.9652804
deu brandenburg	Brandenburg, Germany	52.1313922	13.2162494	340.62370634699244	53.55898	14.765826	51.3590586	11.265727
deu brandenburg	Brandenburg, Germany	52.4125287	12.5316444	35.60060878808912	52.5417764	12.7259978	52.3115782	12.3610803
germany brandenburg	Brandenburg, Germany	52.4125287	12.5316444	35.60060878808912	52.5417764	12.7259978	52.3115782	12.3610803
germany brandenburg	Brandenburg, Germany	52.1313922	13.2162494	340.62370634699244	53.55898	14.765826	51.3590586	11.265727
grand rapids minnesota united states	Grand Rapids, MN 55744, USA	47.2371658	-93.53021419999999	9.635341057212807	47.26092509999999	-93.4933439	47.1953868	-93.5768201
honduras lago de yojoa	Lake Yojoa, Honduras	14.8716738	-87.9824758	19.232141999733038	14.9389177	-87.9464149	14.7931401	-88.042717
isr golan heights	Golan	33.01558540000001	35.784354	77.08481429659301	33.33280500000001	35.896244	32.681973	35.6115439
israel gesher arik golan heights	Golan	33.01558540000001	35.784354	77.08481429659301	33.33280500000001	35.896244	32.681973	35.6115439
israel golan heights	Golan	33.01558540000001	35.784354	77.08481429659301	33.33280500000001	35.896244	32.681973	35.6115439
italy san benigno canavese piedmont	10080 San Benigno Canavese, Metropolitan City of Turin, Italy	45.232281	7.7760903	10.170638390161384	45.2621828	7.8347547	45.2020328	7.736908599999999
jiaozhou bay china	Jiaozhou City, Qingdao, Shandong, China	36.2644499	120.0335399	75.13775126972396	36.49792	120.2162899	36.01406	119.6313401
kor busan	Busan, South Korea	35.2100142	129.0688702	66.48792321169554	35.38904	129.3056051	34.9890901	128.7617182
marcell experimental forest minnesota united states	Marcell Experimental Forest, Balsam Township, MN 55709, USA	47.51910549999999	-93.45964080000002					
namibia	Namibia	-22.95764	18.49041	1940.0246620962864	-16.9634849	25.261752	-28.97063889999999	11.4696999
nepal mustang region	Mustang, Nepal	28.9985065	83.8473015	113.37510013252785	29.3312847	84.24775269999999	28.5646504	83.47954969999999
nor luster municipality	Luster Municipality, Norway	61.5937402	7.405970399999999	110.04233369984003	61.8575092	8.3220531	61.1817453	6.8057586
peru puca glacier	Peru	-9.189967	-75.015152	2474.9362462910626	-0.0387769	-68.65230919999999	-18.4483	-81.3867001
puerto rico adjuntas adjuntas	Adjuntas, 00601, Puerto Rico	18.1627363	-66.7221187	2.29646598866782	18.170296	-66.716404	18.155607	-66.731683
puerto rico naguabo naguabo	Naguabo, 00718, Puerto Rico	18.2116247	-65.7348841	2.508204807440517	18.218124	-65.7290589	18.20272	-65.7464058
puerto rico naguabo naguabo	Naguabo, 00718, Puerto Rico	18.2116537	-65.735689	1.4677422743675013	18.2154759	-65.730352	18.206979	-65.7409859
puerto rico rio grande	Río Grande, Puerto Rico	18.3450502	-65.8322841	28.485308898283357	18.4735325	-65.71063590000001	18.2716799	-65.8768451
russia krasnoyarsk krai	Krasnoyarsk Krai, Russia	64.24797579999999	95.11041759999999	3527.684505500934	81.273369	113.937477	51.772239	76.07231019999999
russia sakha republic	Sakha Republic, Russia	66.7613451	124.1237531	3266.219038941055	77.1182001	162.8552221	55.4899	105.509157
russia yamalo nenets autonomous okrug	Yamalo-Nenets Autonomous Okrug, Russia	66.0653057	76.9345194	1588.6271560737034	73.5248	86.0071128	62.195795	62.0003949
santa barbara ca united states	Santa Barbara, CA, USA	34.4208305	-119.6981901	24.505242447853266	34.4611451	-119.6399201	34.336029	-119.859791
singapore	Singapore	1.352083	103.819836	66.57572227832266	1.4784001	104.0945001	1.1496	103.594
singapore west coast park	W Coast Ferry Rd, West Coast Park, Singapore 126978	1.2913603	103.7666534					
thailand chiang ma	Chiang Mai, Mueang Chiang Mai District, Chiang Mai, Thailand	18.7883439	98.98530079999999	22.816626498195422	18.8440597	99.0512218	18.7444321	98.86173269999999
thailand chiang ma	Chiang Mai, Thailand	18.7964642	98.6600586	362.6624403382112	20.1475799	99.5729134	17.2422747	98.00803900000001
thailand chiang rai	Mueang Chiang Rai, Mueang Chiang Rai District, Chiang Rai, Thailand	19.9104798	99.840576	30.800825092759666	20.0192785	99.9832242	19.8240382	99.77422469999999
thailand mae hong son	แม่ฮ่องสอน ตำบล ปางหมู อำเภอเมืองแม่ฮ่องสอน แม่ฮ่องสอน 58000, Thailand	19.3012591	97.9706086					
thailand mae hong son	Mae Hong Son, Thailand	18.7370307	97.87216	278.58381008558115	19.8142701	98.65222279999999	17.6369711	97.343396
tri cities washington	Tri-Cities, WA, USA	46.2349999	-119.2233014	42.82321779311891	46.3704569	-119.023494	46.16017410000001	-119.490199
united kingdom arden	United Kingdom	55.378051	-3.435973	4210.985381594174	60.91569999999999	33.9165549	34.5614	-8.8988999
united kingdom hampton in arden england	Hampton in Arden, UK	52.4253659	-1.70165	6.526005211433881	52.4458369	-1.6746544	52.41505369999999	-1.7566076
united kingdom stafford england	Stafford, UK	52.806693	-2.12066	12.041039193557086	52.8463655	-2.0514583	52.7637024	-2.1671686
us maryland smithsonian environmental research center	647 Contees Wharf Rd, Edgewater, MD 21037, USA	38.90156229999999	-76.5564251					
usa	United States	37.09024	-95.712891	9007.238625192922	74.071038	-66.885417	18.7763	166.9999999
usa aiken south carolina	471 University Pkwy, Aiken, SC 29801, USA	33.5746994	-81.77393339999999					
usa ak denali	Denali, Alaska, USA	63.06916889999999	-151.0069842					
usa ak fairbanks north star	Fairbanks North Star Borough, AK, USA	64.9526102	-146.4744155	261.9776835668317	65.4535231	-143.88408	64.2571759	-148.663265
usa ak north slope	North Slope Borough, AK, USA	69.05787579999999	-152.8628274	1061.7321245038004	71.441059	-141.0026568	67.999952	-166.9855109
usa ak southeast fairbanks	Southeast Fairbanks, AK, USA	63.9603869	-143.6296998	526.5286200025284	65.839421	-141.002111	61.9040469	-147.0000369
usa al bibb	Bibb County, AL, USA	32.9562798	-87.14228949999999	68.72805478551037	33.246926	-86.87602299999999	32.83152210000001	-87.421989
usa al choctaw	Choctaw County, AL, USA	32.0716631	-88.24611829999999	85.33129968689248	32.310574	-87.92824999999999	31.6979291	-88.4732269
usa al greene	United States	37.09024	-95.712891	9007.238625192922	74.071038	-66.885417	18.7763	166.9999999
usa alabama	Alabama, USA	32.3182314	-86.902298	636.5156901993332	35.008028	-84.888246	30.144425	-88.4732269
usa alabama bibb	Bibb County, AL, USA	32.9562798	-87.14228949999999	68.72805478551037	33.246926	-86.87602299999999	32.83152210000001	-87.421989
usa alabama dead lake	Alabama, USA	32.3182314	-86.902298	636.5156901993332	35.008028	-84.888246	30.144425	-88.4732269
usa alabama dead lake neon	Alabama, USA	32.3182314	-86.902298	636.5156901993332	35.008028	-84.888246	30.144425	-88.4732269
usa alabama lenoir landing	Lenoir Landing Rd, Alabama, USA	31.8510083	-88.1737765	3.0392456317494507	31.8576393	-88.1584129	31.8488593	-88.18888609999999
usa alabama talladega national forest	Talladega National Forest, 9901 AL-5, Brent, AL 35034, USA	33.5083153	-85.7850599					
usa alabama talledega national forest	Talladega National Forest, 9901 AL-5, Brent, AL 35034, USA	33.5083153	-85.7850599					
usa alabama talledega national forest neon	Alabama, USA	32.3182314	-86.902298	636.5156901993332	35.008028	-84.888246	30.144425	-88.4732269
usa alaska	Alaska, USA	63.588753	-154.4930619	3591.8039928703406	71.439786	-129.9741939	51.175092	172.347846
usa alaska barrow environmental observatory	Utqiagvik, AK 99723, USA	71.29055559999999	-156.7886111	15.859459567363366	71.339755	-156.6393239	71.2303331	-156.9244488
usa alaska caribou poker creeks	Alaska, USA	63.588753	-154.4930619	3591.8039928703406	71.439786	-129.9741939	51.175092	172.347846
usa alaska caribou poker creeks research watershed	Alaska, USA	63.588753	-154.4930619	3591.8039928703406	71.439786	-129.9741939	51.175092	172.347846
usa alaska delta junction	Delta Junction, AK, USA	64.0400726	-145.7343509	11.07364435345993	64.0987619	-145.6280362	64.02508	-145.781209
usa alaska fairbanks	Fairbanks, AK, USA	64.8400511	-147.7199756	17.624660187862638	64.8782189	-147.5241601	64.77851	-147.8138451
usa alaska healy	Healy, AK, USA	63.8697384	-149.0215109	96.2775756850269	64.234208	-148.1798309	63.664205	-149.6640151
usa alaska toolik field station	68° 38' N, 149° 36' W, AK, USA	68.62722769999999	-149.5912475					
usa alaska toolik lake research	Toolik Lake, Alaska, USA	68.6317801	-149.6060113	2.666372513168232	68.64279239999999	-149.5879011	68.6248143	-149.6314553
usa alaska utqiaġvik	Utqiagvik, AK 99723, USA	71.29055559999999	-156.7886111	15.859459567363366	71.339755	-156.6393239	71.2303331	-156.9244488
usa albuquerque new mexico	Albuquerque, NM, USA	35.0843859	-106.650422	48.02203471036838	35.2180539	-106.4711629	34.9467659	-106.881796
usa alvord texas	Alvord, TX 76225, USA	33.3584454	-97.69475369999999	3.967585630087591	33.3668501	-97.682436	33.3410779	-97.711979
usa arizona	Arizona, USA	34.0489281	-111.0937311	824.0051895238184	37.0037251	-109.0451719	31.3323448	-114.8163229
usa arizona maricopa	Maricopa, AZ, USA	33.0581063	-112.0476423	16.243512620890836	33.087708	-111.9274209	32.99918710000001	-112.066049
usa arizona santa rita experimental range	Arizona, USA	34.0489281	-111.0937311	824.0051895238184	37.0037251	-109.0451719	31.3323448	-114.8163229
usa arizona santa rita experimental range neon	Arizona, USA	34.0489281	-111.0937311	824.0051895238184	37.0037251	-109.0451719	31.3323448	-114.8163229
usa athens georgia	Athens, GA, USA	33.9519347	-83.357567	34.739210701827865	34.040572	-83.24086	33.8479769	-83.537385
usa austin texas	Austin, TX, USA	30.267153	-97.7430608	58.241478637068624	30.5168629	-97.57310199999999	30.0986589	-97.9383829
usa avondale pennsylvania	Avondale, PA 19311, USA	39.823443	-75.783273	1.7450155141741046	39.8306731	-75.77526100000001	39.8188648	-75.78871989999999
usa az pima	Pima County, AZ, USA	32.057499	-111.6660725	297.9378990364026	32.514188	-110.447644	31.4260138	-113.334105
usa az pima	Pima, AZ 85543, USA	32.8961755	-109.8275815	7.181364048263069	32.918181	-109.812646	32.871262	-109.8655009
usa benson utah	Benson, UT, USA	41.7458581	-111.9283263	21.35729848871661	41.83958	-111.859858	41.6618888	-111.957597
usa benton city washington	Benton City, WA 99320, USA	46.2631897	-119.487802	6.2489611419803905	46.2867199	-119.453567	46.2436239	-119.5057411
usa blacksburg virginia	Blacksburg, VA, USA	37.2295733	-80.4139393	13.71723231013281	37.2769271	-80.3785218	37.183976	-80.4803879
usa blue river oregon	Blue River, McKenzie Bridge, OR 97413, USA	44.1734269	-122.19685	2.7953968367669675	44.1796285	-122.1818633	44.1688621	-122.2135375
usa boise idaho	Boise, ID, USA	43.6150186	-116.2023137	29.057956793933247	43.6898951	-116.1019091	43.511717	-116.3658869
usa burlington massachusetts	Burlington, MA, USA	42.5047161	-71.1956205	10.569122335114747	42.544473	-71.1686381	42.465796	-71.2409831
usa ca fresno	Fresno, CA, USA	36.7377981	-119.7871247	37.065181499150455	36.908905	-119.6546399	36.66216190000001	-119.934483
usa ca madera	Madera, CA, USA	36.9613356	-120.0607176	15.904396488715289	37.00736	-120.034061	36.9287689	-120.183635
usa california	California, USA	36.778261	-119.4179324	1394.3397857452221	42.009503	-114.131211	32.528832	-124.482003
usa california angelo coastal reserve	California, USA	36.778261	-119.4179324	1394.3397857452221	42.009503	-114.131211	32.528832	-124.482003
usa california anza borrego desert state park	Anza-Borrego Desert State Park, Borrego Springs, CA 92004, USA	33.100492	-116.3013266					
usa california fresno	Fresno, CA, USA	36.7377981	-119.7871247	37.065181499150455	36.908905	-119.6546399	36.66216190000001	-119.934483
usa california lower teakettle	California, USA	36.778261	-119.4179324	1394.3397857452221	42.009503	-114.131211	32.528832	-124.482003
usa california lower teakettle neon	California, USA	36.778261	-119.4179324	1394.3397857452221	42.009503	-114.131211	32.528832	-124.482003
usa california san joaquin experimental range	San Joaquin Experimental Range, California 93614, USA	37.09939290000001	-119.7401491					
usa california soaproot saddle	Soaproot Saddle, California 93664, USA	37.028281	-119.2548447					
usa california soaproot saddle neon	Soaproot Saddle, California 93664, USA	37.028281	-119.2548447					
usa cincinnati ohio	Cincinnati, OH, USA	39.1031182	-84.5120196	35.05868537319821	39.2207591	-84.36875479999999	39.051921	-84.71204809999999
usa cl	United States	37.09024	-95.712891	9007.238625192922	74.071038	-66.885417	18.7763	166.9999999
usa co	Colorado, USA	39.5500507	-105.7820674	752.4455441841662	41.0034439	-102.041522	36.992449	-109.060204
usa co boulder	Boulder, CO, USA	40.0149856	-105.2705456	17.921733016002662	40.0945509	-105.178197	39.9640689	-105.3017579
usa co logan	Logan County, CO, USA	40.7056181	-102.989615	100.66916212705131	41.002558	-102.6508799	40.435294	-103.581848
usa co weld	Weld County, CO, USA	40.52657660000001	-104.4723301	167.75196618681946	41.0020541	-103.573216	40.000251	-105.0567199
usa colorado	Colorado, USA	39.5500507	-105.7820674	752.4455441841662	41.0034439	-102.041522	36.992449	-109.060204
usa colorado boulder	Boulder, CO, USA	40.0149856	-105.2705456	17.921733016002662	40.0945509	-105.178197	39.9640689	-105.3017579
usa colorado central plains experimental range	Colorado, USA	39.5500507	-105.7820674	752.4455441841662	41.0034439	-102.041522	36.992449	-109.060204
usa colorado central plains experimental range neon	Colorado, USA	39.5500507	-105.7820674	752.4455441841662	41.0034439	-102.041522	36.992449	-109.060204
usa colorado larimer	Larimer County, CO, USA	40.6955572	-105.5943388	133.98723486312812	40.99844	-104.9430519	40.2577839	-106.1954379
usa colorado niwot ridge	Niwot Ridge, Colorado 80466, USA	40.0597085	-105.6169466					
usa colorado north sterling	North Sterling Reservoir, Colorado 80751, USA	40.7734889	-103.2865504	8.968131230568888	40.8145724	-103.2658155	40.7548346	-103.3373803
usa colorado north sterling neon	North Sterling Reservoir, Colorado 80751, USA	40.7734889	-103.2865504	8.968131230568888	40.8145724	-103.2658155	40.7548346	-103.3373803
usa colorado rocky mountain national park	Rocky Mountain National Park, Colorado, USA	40.3427932	-105.6836389					
usa colorado rocky mountain national park neon	Rocky Mountain National Park, Colorado, USA	40.3427932	-105.6836389					
usa colorado rocky mountains	Colorado, USA	39.5500507	-105.7820674	752.4455441841662	41.0034439	-102.041522	36.992449	-109.060204
usa colorado weld	Weld County, CO, USA	40.52657660000001	-104.4723301	167.75196618681946	41.0020541	-103.573216	40.000251	-105.0567199
usa columbia river washington	Columbia River	47.43871937211972	-120.8228860820784	665.6049242126792	49.4034983	-117.4808563	45.4739405	-124.1649158
usa connerville oklahoma	Connerville, OK 74856, USA	34.4475921	-96.6361153					
usa cordesville south carolina	Cordesville, SC 29434, USA	33.1321144	-79.8834131					
usa crested butte colorado	Crested Butte, CO 81224, USA	38.8697146	-106.9878231	3.1021271083665027	38.8749979	-106.963061	38.858749	-106.992187
usa cross plains wisconsin	Cross Plains, WI 53528, USA	43.11443850000001	-89.6556777	5.080696144130572	43.129007	-89.62281100000001	43.104119	-89.675305
usa edgewater maryland	Edgewater, MD, USA	38.94056399999999	-76.5629398	6.042328611398989	38.953412	-76.5282819	38.9180128	-76.581284
usa elkton oregon	Elkton, OR 97436, USA	43.6376174	-123.5681519	2.8189495050830096	43.6455733	-123.559643	43.629472	-123.5867
usa fairbanks alaska	Fairbanks, AK, USA	64.8400511	-147.7199756	17.624660187862638	64.8782189	-147.5241601	64.77851	-147.8138451
usa fisher illinois	Fisher, IL 61843, USA	40.3147554	-88.3500541	2.839449641053806	40.3256349	-88.33785209999999	40.3067711	-88.3604249
usa fl osceola	Osceola County, FL, USA	28.1019838	-81.0754657	110.8113101143632	28.3485841	-80.861395	27.6419901	-81.6572679
usa fl putnam	Putnam County, FL, USA	29.6265157	-81.77870209999999	83.14646718841338	29.840176	-81.433554	29.3244399	-82.056151
usa flamingo florida	Flamingo, FL 33034, USA	25.1417914	-80.92534909999999					
usa florida	Florida, USA	27.6648274	-81.5157535	1052.0642968464822	31.000968	-79.974306	24.396308	-87.634896
usa florida disney wilderness preserve	The Nature Conservancy's Disney Wilderness Preserve, 2700 Scrub Jay Trail, Poinciana, FL 34759, USA	28.1290006	-81.43004549999999					
usa florida ordway swisher biological station	693 FL-26, Melrose, FL 32666, USA	29.7196578	-82.00013200000001					
usa florida putnam	Putnam County, FL, USA	29.6265157	-81.77870209999999	83.14646718841338	29.840176	-81.433554	29.3244399	-82.056151
usa fraser colorado	Fraser, CO, USA	39.9449868	-105.8172316	6.380526124572645	39.9528781	-105.7760209	39.9077849	-105.822297
usa ft bragg california	Fort Bragg, CA 95437, USA	39.445723	-123.8052935	6.685585226753577	39.4710549	-123.7827869	39.418456	-123.8205041
usa georgia	Georgia, USA	32.1574351	-82.90712300000001	685.7479057694584	35.001303	-80.78296	30.3557569	-85.6051649
usa georgia the jones center at ichauway	3988 Jones Center Dr, Newton, GA 39870, USA	31.2205201	-84.47922989999999					
usa georgia the jones center at ichauway neon	3988 Jones Center Dr, Newton, GA 39870, USA	31.2205201	-84.47922989999999					
usa grand rapids minnesota	Grand Rapids, MN 55744, USA	47.2371658	-93.53021419999999	9.635341057212807	47.26092509999999	-93.4933439	47.1953868	-93.5768201
usa gunnison colorado	Gunnison, CO 81230, USA	38.5458246	-106.9253207	5.321737750051607	38.55899489999999	-106.902668	38.52956	-106.9509179
usa hawaii kilauea volcano	Kīlauea, Hawaii 96778, USA	19.4068929	-155.2833786					
usa hawaii makaala natural area reserve	Makaala St, Hilo, HI 96720, USA	19.6992847	-155.0627123	1.443659515290174	19.7058972	-155.0583249	19.6977694	-155.0690787
usa hawaii puu makaala natural area reserve	Pu’U Maka’ Ala Natural Area Reserve, Amaumau Rd, Mountain View, HI 96771, USA	19.5315493	-155.2589933					
usa idaho	Idaho, USA	44.0682019	-114.7420408	916.6442192813413	49.0008461	-111.043495	41.98818190000001	-117.243027
usa idaho city idaho	Idaho City, ID 83631, USA	43.8285046	-115.8345537	3.299686741602284	43.8385089	-115.812717	43.819812	-115.8446599
usa idaho orchard combat training center 1983 octc fire burned	33550 Orchard Access Rd, Boise, ID 83716, USA	43.2986014	-116.0630282					
usa idaho orchard combat training center 1983 octc fire unburned	33550 Orchard Access Rd, Boise, ID 83716, USA	43.2986014	-116.0630282					
usa idalia colorado	Idalia, CO 80735, USA	39.7038813	-102.2938052					
usa illinois	Illinois, USA	40.6331249	-89.3985283	725.5649975919649	42.5084809	-87.01993499999999	36.970298	-91.51307899999999
usa indiana	Indiana, USA	40.5512165	-85.60236429999999	526.214545043162	41.761368	-84.7845351	37.771672	-88.097892
usa iowa	Iowa, USA	41.8780025	-93.097702	639.8643527883834	43.5011961	-90.1400609	40.37544	-96.6394849
usa iowa relay cover crop	Iowa, USA	41.8780025	-93.097702	639.8643527883834	43.5011961	-90.1400609	40.37544	-96.6394849
usa iowa relay no cover	Iowa, USA	41.8780025	-93.097702	639.8643527883834	43.5011961	-90.1400609	40.37544	-96.6394849
usa kansas	Kansas, USA	39.011902	-98.4842465	730.3188454297903	40.003166	-94.588387	36.9930159	-102.0517688
usa kansas konza prairie agroecosystem	Konza Prairie Ln, Ashland, KS 66502, USA	39.105228	-96.6082096	2.2812645276309773	39.1152635	-96.59569119999999	39.0997877	-96.6130484
usa kansas konza prairie agroecosystem neon	Konza Prairie Ln, Ashland, KS 66502, USA	39.105228	-96.6082096	2.2812645276309773	39.1152635	-96.59569119999999	39.0997877	-96.6130484
usa kansas konza prairie biological station	Konza Prairie Biological Station, 100 Konza Prairie Ln, Manhattan, KS 66502, USA	39.1068765	-96.6091402					
usa kansas konza prairie biological station neon	Konza Prairie Biological Station, 100 Konza Prairie Ln, Manhattan, KS 66502, USA	39.1068765	-96.6091402					
usa kansas ku field station	Kansas, USA	39.011902	-98.4842465	730.3188454297903	40.003166	-94.588387	36.9930159	-102.0517688
usa kansas riley	Riley, KS 66531, USA	39.29888529999999	-96.8308436	2.419669029348538	39.306534	-96.817285	39.2937499	-96.84004089999999
usa kansas riley	Riley County, KS, USA	39.3686475	-96.83509989999999	76.24661976786962	39.5665361	-96.389043	39.0432321	-96.96169309999999
usa kansas university of kansas field station	University Of Kansas, Overland Park, KS 66213, USA	38.8991444	-94.72548929999999	0.39271946010703995	38.9002749	-94.7237311	38.89825099999999	-94.72745019999999
usa kansas university of kansas field station neon	University Of Kansas, Overland Park, KS 66213, USA	38.8991444	-94.72548929999999	0.39271946010703995	38.9002749	-94.7237311	38.89825099999999	-94.72745019999999
usa kentucky	Kentucky, USA	37.8393332	-84.2700179	729.9097427896253	39.1477321	-81.96478809999999	36.497058	-89.571203
usa ks riley	Riley, KS 66531, USA	39.29888529999999	-96.8308436	2.419669029348538	39.306534	-96.817285	39.2937499	-96.84004089999999
usa ks riley	Riley County, KS, USA	39.3686475	-96.83509989999999	76.24661976786962	39.5665361	-96.389043	39.0432321	-96.96169309999999
usa logan utah	Logan, UT, USA	41.7369803	-111.8338359	15.420434789675745	41.79733890000001	-111.779731	41.6928089	-111.901876
usa los alamos newmexico	Los Alamos, NM 87544, USA	35.8800364	-106.3031138	9.342250883005065	35.913289	-106.2453951	35.8705559	-106.334687
usa louisiana	Louisiana, USA	30.5190775	-91.5208624	684.2697288215148	33.0196201	-88.758388	28.8551271	-94.043352
usa ma worcester	Worcester, MA, USA	42.2625932	-71.8022934	19.27827846757526	42.3411789	-71.7315589	42.2094605	-71.88391709999999
usa maryland	Maryland, USA	39.0457549	-76.64127119999999	440.19590584153525	39.723037	-74.9862819	37.886605	-79.4876511
usa maryland anne arundel	Anne Arundel County, MD, USA	38.9530109	-76.5488232	72.28747601550872	39.2373979	-76.3494789	38.711099	-76.84036189999999
usa maryland bethesda	Bethesda, MD, USA	38.984652	-77.0947092	11.446142756983065	39.0226339	-77.0785925	38.940586	-77.1585612
usa maryland edgewater	Edgewater, MD, USA	38.94056399999999	-76.5629398	6.042328611398989	38.953412	-76.5282819	38.9180128	-76.581284
usa maryland northwest baltimore base of slope adelphi	Baltimore, MD, USA	39.2903848	-76.6121893	24.984992110076046	39.3722059	-76.5294528	39.1972069	-76.7115407
usa maryland northwest baltimore mid slope adelphi	Baltimore, MD, USA	39.2903848	-76.6121893	24.984992110076046	39.3722059	-76.5294528	39.1972069	-76.7115407
usa maryland northwest baltimore top of slope adelph	Baltimore, MD, USA	39.2903848	-76.6121893	24.984992110076046	39.3722059	-76.5294528	39.1972069	-76.7115407
usa maryland smithsonian environmental research center	647 Contees Wharf Rd, Edgewater, MD 21037, USA	38.90156229999999	-76.5564251					
usa maryland winters lane lower soil pit	Winters Ln, Catonsville, MD 21228, USA	39.2791557	-76.7419741	2.353953017432157	39.2903358	-76.7336521	39.2711441	-76.745195
usa maryland winters lane upper soil pit	Winters Ln, Catonsville, MD 21228, USA	39.2791557	-76.7419741	2.353953017432157	39.2903358	-76.7336521	39.2711441	-76.745195
usa massachusettes	Massachusetts, USA	42.4072107	-71.3824374	355.6931019702583	42.886778	-69.85886099999999	41.18705300000001	-73.5082101
usa massachusetts	Massachusetts, USA	42.4072107	-71.3824374	355.6931019702583	42.886778	-69.85886099999999	41.18705300000001	-73.5082101
usa massachusetts d01 harv plot harv 07	Harvard, MA, USA	42.5000919	-71.5828444	14.35367283109543	42.550424	-71.529753	42.447486	-71.635397
usa massachusetts harvard forest quabbin watershed	324 N Main St, Petersham, MA 01366, USA	42.5315018	-72.1899514					
usa massachusetts neon d01 harv plot harv 07	Harvard, MA, USA	42.5000919	-71.5828444	14.35367283109543	42.550424	-71.529753	42.447486	-71.635397
usa massachusetts oak pine forest	Massachusetts, USA	42.4072107	-71.3824374	355.6931019702583	42.886778	-69.85886099999999	41.18705300000001	-73.5082101
usa massachusetts peterson farm	Massachusetts, USA	42.4072107	-71.3824374	355.6931019702583	42.886778	-69.85886099999999	41.18705300000001	-73.5082101
usa md anne arundel	Anne Arundel County, MD, USA	38.9530109	-76.5488232	72.28747601550872	39.2373979	-76.3494789	38.711099	-76.84036189999999
usa mesa arizona	Mesa, AZ, USA	33.4151843	-111.8314724	39.21947023481539	33.513376	-111.5806542	33.2776239	-111.894881
usa mi gogebic	Gogebic, MI 49947, USA	46.3524478	-89.5026496					
usa mi gogebic	Gogebic County, MI, USA	46.4392785	-89.92147399999999	151.458067221865	47.0419639	-88.99064	46.0973216	-90.4181358
usa michigan	Michigan, USA	44.3148443	-85.60236429999999	981.479803794	48.3056109	-82.122805	41.696118	-90.41839189999999
usa michigan university of notre dame environmental research center	Michigan, USA	44.3148443	-85.60236429999999	981.479803794	48.3056109	-82.122805	41.696118	-90.41839189999999
usa michigan university of notre dame environmental research center neon	Michigan, USA	44.3148443	-85.60236429999999	981.479803794	48.3056109	-82.122805	41.696118	-90.41839189999999
usa middleton wisconsin	Middleton, WI, USA	43.09721740000001	-89.5042876	10.67365016024024	43.145247	-89.46298	43.082029	-89.5619298
usa minnesota	Minnesota, USA	46.729553	-94.6858998	883.0191617199455	49.384472	-89.4838122	43.499361	-97.239093
usa minnesota balasam	Balsam Township, MN, USA	46.8024851	-93.1114111	13.963548864765116	46.8534569	-93.059485	46.7660689	-93.19125009999999
usa minnesota balasam	Balsam Township, MN, USA	47.49669249999999	-93.40740869999999	24.544422742385564	47.544559	-93.278048	47.4568169	-93.57785690000001
usa minnesota grand rapids	Grand Rapids, MN 55744, USA	47.2371658	-93.53021419999999	9.635341057212807	47.26092509999999	-93.4933439	47.1953868	-93.5768201
usa minnesota marcel experimental forest	Marcell Experimental Forest, Northeast Itasca, MN 55709, USA	47.5616055	-93.4771394					
usa minnesota marcel experimental forest or usa minnesota spruce and peatland responses under changing environments or usa minnesota grand rapids	Grand Rapids, MN 55744, USA	47.2371658	-93.53021419999999	9.635341057212807	47.26092509999999	-93.4933439	47.1953868	-93.5768201
usa minnesota marcel experimental forest or usa minnesota spruce and peatland responses under changing environments or usa minnesota grand rapids	Marcell Experimental Forest, Balsam Township, MN 55709, USA	47.51910549999999	-93.45964080000002					
usa minnesota marcel experimental forest spruce and peatland responses to environmental changes	Marcell Experimental Forest, Northeast Itasca, MN 55709, USA	47.5616055	-93.4771394					
usa minnesota marcel experimental forest usa minnesota spruce and peatland responses under changing environments usa minnesota grand rapids	Grand Rapids, MN 55744, USA	47.2371658	-93.53021419999999	9.635341057212807	47.26092509999999	-93.4933439	47.1953868	-93.5768201
usa minnesota marcel experimental forest usa minnesota spruce and peatland responses under changing environments usa minnesota grand rapids	Marcell Experimental Forest, Northeast Itasca, MN 55709, USA	47.5616055	-93.4771394					
usa minnesota marcell experimental forest spruce	Marcell Experimental Forest, Balsam Township, MN 55709, USA	47.51910549999999	-93.45964080000002					
usa minnesota spruce and peatland responses under changing environments	Minnesota, USA	46.729553	-94.6858998	883.0191617199455	49.384472	-89.4838122	43.499361	-97.239093
usa minnesota usda forest service marcell experimental forest mef	Marcell Experimental Forest, Balsam Township, MN 55709, USA	47.51910549999999	-93.45964080000002					
usa minnisota grand rapids	Grand Rapids, MN 55744, USA	47.2371658	-93.53021419999999	9.635341057212807	47.26092509999999	-93.4933439	47.1953868	-93.5768201
usa mississippi	Mississippi, USA	32.3546679	-89.3985283	634.4648193499296	34.996099	-88.097888	30.139845	-91.6550091
usa missouri	Missouri, USA	37.9642529	-91.8318334	776.0901120316685	40.61364	-89.098968	35.9956849	-95.774704
usa nd morton	Morton County, ND, USA	46.6683872	-101.1621736	141.75368644033395	46.982955	-100.544136	46.2843899	-102.097205
usa nd stutsman	Stutsman County, ND, USA	46.939184	-98.99091390000001	110.84180409413918	47.32719789999999	-98.43883509999999	46.6288258	-99.4813939
usa nebraska	Nebraska, USA	41.4925374	-99.9018131	800.6018861484808	43.001707	-95.30829000000001	39.999932	-104.053514
usa nederland colorado	Nederland, CO 80466, USA	39.9613759	-105.5108312	4.03172651121539	39.9753149	-105.484176	39.9549809	-105.523344
usa new hampshire bartlett experimental forest	Bartlett Experimental Forest, Bartlett, NH 03812, USA	44.0556249	-71.29729510000001					
usa new hartford connecticut	New Hartford, CT, USA	41.87932139999999	-72.97516929999999	15.855702189130417	41.895196	-72.936347	41.7980869	-73.076516
usa new kent virginia	New Kent, VA 23124, USA	37.5149037	-76.9848327	6.055845482289889	37.53365000000001	-76.967377	37.4896879	-77.007903
usa new kent virginia	New Kent County, VA, USA	37.4653757	-76.964306	52.01807772748939	37.6268809	-76.741984	37.3776651	-77.241023
usa new mexico	New Mexico, USA	34.9727305	-105.0323635	840.357931669602	37.000233	-103.002043	31.3321618	-109.050431
usa new mexico jornada experimental range	Jornada, NM 87901, USA	33.1231292	-107.0339121					
usa new mexico jornada experimental range neon	Jornada, NM 87901, USA	33.1231292	-107.0339121					
usa new salem massachusetts	New Salem, MA, USA	42.50425509999999	-72.3320289	29.6307590303665	42.548812	-72.244952	42.303224	-72.3850609
usa new york	New York, NY, USA	40.7127753	-74.0059728	67.93397390813224	40.9175771	-73.70027209999999	40.4773991	-74.25908989999999
usa newbury massachusetts	Newbury, MA, USA	42.7649497	-70.8714528	16.73314636407892	42.8117849	-70.790752	42.735454	-70.96743
usa newbury massachusetts	Newburyport, MA, USA	42.8125913	-70.87727509999999	12.36923897618518	42.841283	-70.8084229	42.787019	-70.940799
usa newton georgia	Newton, GA, USA	31.3129575	-84.3357424	4.563601898580627	31.329	-84.31834599999999	31.2999511	-84.352282
usa nh carroll	Carroll, NH, USA	44.297676	-71.5427968	22.59113609858722	44.3554409	-71.395246	44.2120819	-71.596341
usa nh carroll	Carroll County, NH, USA	43.8128209	-71.25060669999999	101.84235157515447	44.2848967	-70.9508379	43.482913	-71.56460310000001
usa nm dona ana	Doña Ana, NM, USA	32.3930808	-106.8157813	2.9716693650680335	32.405176	-106.807953	32.38502	-106.828736
usa north carolina organic legume disk tillage	North Carolina, USA	35.7595731	-79.01929969999999	869.6222600817215	36.5881371	-75.400119	33.752878	-84.321821
usa north dakota chase lake national wildlife refuge	Chase Lake National Wildlife Refuge, Tappen, ND 58487, USA	47.0105508	-99.44049779999999	7.087907093162751	47.03069259999999	-99.41776709999999	46.98379389999999	-99.48107569999999
usa north dakota chase lake national wildlife refuge neon	Chase Lake National Wildlife Refuge, Tappen, ND 58487, USA	47.0105508	-99.44049779999999	7.087907093162751	47.03069259999999	-99.41776709999999	46.98379389999999	-99.48107569999999
usa north dakota dakota coteau field site	Coteau, ND 58721, USA	48.7566981	-102.3190572					
usa north dakota dakota coteau field site neon	Coteau, ND 58721, USA	48.7566981	-102.3190572					
usa north dakota morton	Morton County, ND, USA	46.6683872	-101.1621736	141.75368644033395	46.982955	-100.544136	46.2843899	-102.097205
usa north dakota northern great plains research laboratory	North Dakota, USA	47.5514926	-101.0020119	658.0033568713993	49.0005565	-96.5544111	45.9350719	-104.049012
usa north dakota northern great plains research laboratory neon	North Dakota, USA	47.5514926	-101.0020119	658.0033568713993	49.0005565	-96.5544111	45.9350719	-104.049012
usa north dakota stutsman	Stutsman County, ND, USA	46.939184	-98.99091390000001	110.84180409413918	47.32719789999999	-98.43883509999999	46.6288258	-99.4813939
usa north slope borough alaska	North Slope Borough, AK, USA	69.05787579999999	-152.8628274	1061.7321245038004	71.441059	-141.0026568	67.999952	-166.9855109
usa north woodstock new hampshire	North Woodstock, Woodstock, NH, USA	44.0302045	-71.6864932	3.3957279496822954	44.04651390000001	-71.67369889999999	44.0254531	-71.70446009999999
usa oak ridge tennessee	Oak Ridge, TN, USA	36.0103561	-84.26964490000002	32.92019974635632	36.064688	-84.1556119	35.874865	-84.43633400000002
usa ohio	Ohio, USA	40.4172871	-82.90712300000001	568.002300588023	42.323374	-80.518705	38.4034229	-84.8203051
usa ok washita	Washita, OK 73005, USA	35.1028386	-98.3408881					
usa oklahoma	Oklahoma, USA	35.0077519	-97.092877	863.6602783642855	37.0023121	-94.4310139	33.615787	-103.0024129
usa oklahoma anadarko	Anadarko, OK 73005, USA	35.072562	-98.2436625	8.837772725364173	35.0943561	-98.214936	35.0348399	-98.2792939
usa oklahoma marvin klemme range research station	Oklahoma, USA	35.0077519	-97.092877	863.6602783642855	37.0023121	-94.4310139	33.615787	-103.0024129
usa oklahoma marvin klemme range research station neon	Oklahoma, USA	35.0077519	-97.092877	863.6602783642855	37.0023121	-94.4310139	33.615787	-103.0024129
usa oregon	Oregon, USA	43.8041334	-120.5542012	812.7250288646959	46.299099	-116.463262	41.9920819	-124.703541
usa oregon benton county	Benton County, OR, USA	44.6281686	-123.3873877	76.9595835063829	44.7212699	-123.0731321	44.276694	-123.816833
usa oregon clatskanie	Clatskanie, OR 97016, USA	46.1041403	-123.2039361	4.365785921795076	46.1235053	-123.1831755	46.0952476	-123.2224939
usa oregon coos county	Coos County, OR, USA	43.242897	-124.1057369	125.68213167737372	43.611464	-123.702071	42.6666839	-124.5523731
usa oregon deschutes county	Deschutes County, OR, USA	43.83251	-121.2616541	189.56079355446892	44.393481	-119.8965811	43.611104	-122.002362
usa oregon jackson county	Jackson County, OR, USA	42.334535	-122.7646577	135.1598305025641	42.9967949	-122.282682	42.002634	-123.231327
usa oregon josephine county	Josephine County, OR, USA	42.3447572	-123.4568737	110.23673892337315	42.784061	-123.229167	41.99509399999999	-124.0419829
usa oregon lane county	Lane County, OR, USA	43.9610092	-122.6618227	218.99154742918512	44.290537	-121.768016	43.437395	-124.2301779
usa oregon sherman county	Sherman County, OR, USA	45.4122013	-120.753042	89.70554734246943	45.737181	-120.3578039	45.083455	-121.031202
usa oregon tillamook county	Tillamook County, OR, USA	45.5293478	-123.7052374	103.09407395708223	45.7835389	-123.299258	45.0439859	-124.095833
usa oregon umatilla county	Umatilla County, OR, USA	45.7750424	-118.7606453	159.62119753104727	46.001157	-117.9729479	44.995877	-119.4350239
usa oregon union county	Union County, OR, USA	45.2334122	-118.0410627	150.3732367637452	45.86108309999999	-117.2660048	44.956326	-118.697766
usa oregon washington state university tri cities	2710 Crimson Way, Richland, WA 99354, USA	46.32944	-119.263174					
usa oyster virginia	Oyster, VA 23310, USA	37.2865276	-75.9224298					
usa pennsylvania	Pennsylvania, USA	41.2033216	-77.1945247	578.6571591736927	42.5141658	-74.6895609	39.71979899999999	-80.5198485
usa pennsylvania borough of centralia	Centralia, PA, USA	40.8042541	-76.3405035	1.5621398956375414	40.80870180000001	-76.336738	40.7988343	-76.3499487
usa pennsylvania urban czo	Urban, PA 17830, USA	40.6811958	-76.77163469999999					
usa prineville oregon	Prineville, OR 97754, USA	44.2998485	-120.8344664	11.249711092258432	44.3316779	-120.8073421	44.2719381	-120.9214311
usa prosser wa	Prosser, WA 99350, USA	46.2067997	-119.7689222	8.022084517681831	46.2233779	-119.7207381	46.186012	-119.8099091
usa puerto rico	Puerto Rico	18.220833	-66.590149	318.47224324089507	18.5989505	-65.2105715	17.8449191	-68.11955569999999
usa puerto rico	United States	37.09024	-95.712891	9007.238625192922	74.071038	-66.885417	18.7763	166.9999999
usa puerto rico guanica forest	Guanica, Guánica, Puerto Rico	17.9725145	-66.9086264	6.56134331348206	17.9798599	-66.901292	17.959294	-66.9594359
usa puerto rico guanica forest	United States	37.09024	-95.712891	9007.238625192922	74.071038	-66.885417	18.7763	166.9999999
usa puerto rico lajas experimental station	Lajas, 00667, Puerto Rico	18.049962	-67.0593449	3.819720494884953	18.0579528	-67.0445689	18.0352469	-67.07168
usa puerto rico lajas experimental station	United States	37.09024	-95.712891	9007.238625192922	74.071038	-66.885417	18.7763	166.9999999
usa pullman washington	Pullman, WA 99163, USA	46.7297771	-117.1817377	10.384253004032441	46.753341	-117.092859	46.707617	-117.211658
usa richland wa	Richland, WA, USA	46.28042000000001	-119.2751996	23.886370073850046	46.3704569	-119.2113939	46.1998559	-119.400291
usa richland washington	Richland, WA, USA	46.28042000000001	-119.2751996	23.886370073850046	46.3704569	-119.2113939	46.1998559	-119.400291
usa riverdale maryland	Riverdale Park, MD, USA	38.963444	-76.9316408	4.567651066750704	38.9759819	-76.90195489999999	38.950163	-76.94304489999999
usa salt lake city utah	Salt Lake City, UT, USA	40.7607793	-111.8910474	34.897017050608426	40.8529699	-111.7394581	40.700246	-112.101512
usa sierra national forest california	Sierra National Forest, California 91024, USA	37.3426802	-119.2243664					
usa simsbury connecticut	Simsbury, CT, USA	41.8540094	-72.82791499999999	15.196375538708272	41.92079589999999	-72.758639	41.8161299	-72.876644
usa south carolina	South Carolina, USA	33.836081	-81.1637245	574.5699182669384	35.2154849	-78.49930090000001	31.995954	-83.35392800000001
usa south valley new mexico	South Valley, NM, USA	35.0100487	-106.6780809	16.974576851303112	35.0844419	-106.639102	34.9466139	-106.7192368
usa stabler washington	Stabler, WA 98610, USA	45.80833	-121.90639					
usa state of colorado city of boulder	Boulder, CO, USA	40.0149856	-105.2705456	17.921733016002662	40.0945509	-105.178197	39.9640689	-105.3017579
usa state of hawaii kilauea volcano	Kīlauea, Hawaii 96778, USA	19.4068929	-155.2833786					
usa state of texas city of huntsville	Huntsville, TX, USA	30.7235263	-95.55077709999999	21.34162166298961	30.7678529	-95.4929959	30.62597	-95.643311
usa summerhaven arizona	Summerhaven, AZ 85619, USA	32.438687	-110.7598173					
usa tennessee	Tennessee, USA	35.5174913	-86.5804473	803.1438011086385	36.678255	-81.6469	34.9829239	-90.3104911
usa tennessee great smoky mountains national park	Great Smoky Mountains National Park, United States	35.6130503	-83.55315370000001					
usa tennessee great smoky mountains national park neon	Great Smoky Mountains National Park, United States	35.6130503	-83.55315370000001					
usa tennessee oak ridge	Oak Ridge, TN, USA	36.0103561	-84.26964490000002	32.92019974635632	36.064688	-84.1556119	35.874865	-84.43633400000002
usa tennessee oak ridge national lab	5200, 1 Bethel Valley Rd, Oak Ridge, TN 37830, USA	35.9311679	-84.3101161					
usa tennessee sevier	Sevierville, TN, USA	35.8681455	-83.56183500000002	25.273024851518763	35.998506	-83.48057109999999	35.8179141	-83.6509568
usa tennessee sevier	Sevier County, TN, USA	35.8271682	-83.5070203	72.50503505245665	36.0431189	-83.2506949	35.562684	-83.7942751
usa texas	Texas, USA	31.9685988	-99.9018131	1719.6043179657531	36.5007041	-93.5080389	25.8371165	-106.6456461
usa texas caddo lyndon b johnson national grasslands	Texas, USA	31.9685988	-99.9018131	1719.6043179657531	36.5007041	-93.5080389	25.8371165	-106.6456461
usa texas caddo lyndon b johnson national grasslands	Caddo, LA 71061, USA	32.7565316	-93.9737925					
usa texas lyndon b johnson national grassland	Lyndon B Johnson National Grassland, Texas 76225, USA	33.4167777	-97.6253071					
usa tn anderson	Anderson, TN 37376, USA	34.9939719	-85.90303360000001					
usa tn anderson	Anderson County, TN, USA	36.0809574	-84.2278796	63.09007910246635	36.3017791	-83.941711	35.910165	-84.44988099999999
usa tn sevier	Sevierville, TN, USA	35.8681455	-83.56183500000002	25.273024851518763	35.998506	-83.48057109999999	35.8179141	-83.6509568
usa toolik field station alaska	68° 38' N, 149° 36' W, AK, USA	68.62722769999999	-149.5912475					
usa tx wise	Wise, TX 75169, USA	32.5134708	-96.035248					
usa tx wise	Wise County, TX, USA	33.2895861	-97.69822719999999	70.28325273797707	33.4340569	-97.383015	32.990839	-97.9216421
usa tyee oregon	Tyee, OR 97486, USA	43.4434489	-123.5512015					
usa usda forest service marcell experimental forest	Marcell Experimental Forest, Balsam Township, MN 55709, USA	47.51910549999999	-93.45964080000002					
usa ut san juan	San Juan County, UT, USA	37.4634157	-109.7591675	267.17235554296013	38.500028	-109.0410581	36.99790309999999	-111.4130139
usa ut tooele	Tooele, UT 84074, USA	40.53077760000001	-112.29828	13.739789607839029	40.59076090000001	-112.26441	40.4922678	-112.362596
usa utah	Utah, USA	39.3209801	-111.0937311	702.9102629503569	42.0017019	-109.041572	36.9976568	-114.052885
usa utah 22ut012 high elevation rock mountain ut lemonte byu	Utah, USA	39.3209801	-111.0937311	702.9102629503569	42.0017019	-109.041572	36.9976568	-114.052885
usa utah 22ut019 high elevation rock mountain ut lemonte byu	Utah, USA	39.3209801	-111.0937311	702.9102629503569	42.0017019	-109.041572	36.9976568	-114.052885
usa utah 22ut023 high elevation rock mountain ut lemonte byu	Utah, USA	39.3209801	-111.0937311	702.9102629503569	42.0017019	-109.041572	36.9976568	-114.052885
usa utah 22ut024 high elevation rock mountain ut lemonte byu	Utah, USA	39.3209801	-111.0937311	702.9102629503569	42.0017019	-109.041572	36.9976568	-114.052885
usa utah 22ut032 high elevation rock mountain ut lemonte byu	Utah, USA	39.3209801	-111.0937311	702.9102629503569	42.0017019	-109.041572	36.9976568	-114.052885
usa utah moab	Moab, UT 84532, USA	38.5733155	-109.5498395	6.643602034695788	38.59312	-109.5216421	38.5556759	-109.581195
usa utah moab neon	Moab, UT 84532, USA	38.5733155	-109.5498395	6.643602034695788	38.59312	-109.5216421	38.5556759	-109.581195
usa utah onaqui	Onaqui Mountains, Utah 84022, USA	40.210325	-112.5594079					
usa utah onaqui neon	Onaqui Mountains, Utah 84022, USA	40.210325	-112.5594079					
usa va clarke	Clarke County, VA, USA	39.15165830000001	-77.973865	42.23425719944312	39.2646009	-77.8282989	38.97943799999999	-78.151696
usa va giles	Giles County, VA, USA	37.3132885	-80.6770787	63.59285776903892	37.4816721	-80.430943	37.1474819	-81.014489
usa va warren	Warren, VA 24590, USA	37.76583	-78.55806					
usa va warren	Warren County, VA, USA	38.9331749	-78.24761459999999	45.911864339347176	39.036629	-78.004313	38.75704200000001	-78.3947041
usa virginia	Virginia, USA	37.4315734	-78.6568942	812.9589051729787	39.466012	-75.16643499999999	36.5408519	-83.6753951
usa virginia blandy experimental farm	400 Blandy Farm Ln, Boyce, VA 22620, USA	39.0637922	-78.0652661					
usa virginia clarke	Clarke County, VA, USA	39.15165830000001	-77.973865	42.23425719944312	39.2646009	-77.8282989	38.97943799999999	-78.151696
usa virginia giles	Giles County, VA, USA	37.3132885	-80.6770787	63.59285776903892	37.4816721	-80.430943	37.1474819	-81.014489
usa virginia mountain lake biological station	240 Salt Pond Rd, Pembroke, VA 24136, USA	37.375136	-80.522747					
usa virginia smithsonian conservation biology institute	1500 Remount Rd, Front Royal, VA 22630, USA	38.8871467	-78.1653155					
usa wa clark	Clark County, WA, USA	45.7466471	-122.5194378	71.55796471243929	46.059632	-122.2445149	45.543541	-122.7959631
usa wa prosser	Prosser, WA 99350, USA	46.2067997	-119.7689222	8.022084517681831	46.2233779	-119.7207381	46.186012	-119.8099091
usa wa skamania	Skamania, WA 98648, USA	45.6176095	-122.0488678					
usa washing	United States	37.09024	-95.712891	9007.238625192922	74.071038	-66.885417	18.7763	166.9999999
usa washington	Washington, DC, USA	38.9071923	-77.0368707	29.105257949660235	38.9958641	-76.909393	38.7916449	-77.119759
usa washington	Washington, USA	47.7510741	-120.7401386	710.8724725568496	49.0024442	-116.9160711	45.543541	-124.8489739
usa washington abby road	Washington, USA	47.7510741	-120.7401386	710.8724725568496	49.0024442	-116.9160711	45.543541	-124.8489739
usa washington clark	Clark County, WA, USA	45.7466471	-122.5194378	71.55796471243929	46.059632	-122.2445149	45.543541	-122.7959631
usa washington fluxtower location a3	1300 I St NW, Washington, DC 20005, USA	38.9010633	-77.03009879999999					
usa washington fluxtower location a5	Washington, USA	47.7510741	-120.7401386	710.8724725568496	49.0024442	-116.9160711	45.543541	-124.8489739
usa washington prosser	Prosser, WA 99350, USA	46.2067997	-119.7689222	8.022084517681831	46.2233779	-119.7207381	46.186012	-119.8099091
usa washington prosser field site	Prosser, WA 99350, USA	46.2067997	-119.7689222	8.022084517681831	46.2233779	-119.7207381	46.186012	-119.8099091
usa washington prosser irrigated bare	Prosser, WA 99350, USA	46.2067997	-119.7689222	8.022084517681831	46.2233779	-119.7207381	46.186012	-119.8099091
usa washington prosser non irrigated bare	Prosser, WA 99350, USA	46.2067997	-119.7689222	8.022084517681831	46.2233779	-119.7207381	46.186012	-119.8099091
usa washington richland columbia river	Richland, WA, USA	46.28042000000001	-119.2751996	23.886370073850046	46.3704569	-119.2113939	46.1998559	-119.400291
usa washington skamania	Skamania, WA 98648, USA	45.6176095	-122.0488678					
usa washington wind river experimental forest	Wind River Experimental Forest, Washington 98610, USA	45.8090043	-121.9823059					
usa washington wind river experimental forest neon	Wind River Experimental Forest, Washington 98610, USA	45.8090043	-121.9823059					
usa wi lincoln	Lincoln County, WI, USA	45.3743102	-89.7725799	68.73917877170288	45.555915	-89.424227	45.119098	-90.0465309
usa wi lincoln	Lincoln, WI 54205, USA	44.6180518	-87.6420375					
usa wi lincoln	Lincoln, WI, USA	44.3672675	-91.7344155	20.645598945186716	44.4224641	-91.6502	44.2902099	-91.83245910000001
usa wi lincoln	Lincoln, WI, USA	44.6440048	-90.2432307	13.467912623679988	44.685396	-90.1981211	44.598335	-90.3164669
usa wi lincoln	Lincoln, WI, USA	45.5380249	-88.8233734	21.518261708681717	45.6372279	-88.79905	45.4644889	-88.9236279
usa wi lincoln	Lincoln, WI, USA	44.7502803	-91.2313618	19.44922409824464	44.8148699	-91.16497	44.68297	-91.3267209
usa wi lincoln	Lincoln, WI 54521, USA	45.89189469999999	-89.2326338	17.095157708583155	45.9825769	-89.174216	45.8565789	-89.30084910000001
usa wi lincoln	Lincoln, WI 54856, USA	46.3775618	-90.9704527	13.748003495772409	46.4141319	-90.92405099999999	46.32665009999999	-91.05067509999999
usa wi lincoln	Lincoln, WI, USA	45.3324245	-92.3112311	14.781390355393725	45.3816399	-92.28479999999999	45.29570409999999	-92.429085
usa wi lincoln	Lincoln, WI, USA	44.1140815	-90.46910969999999	13.65601426676686	44.161051	-90.43509689999999	44.0726919	-90.553906
usa wisconsin	Wisconsin, USA	43.7844397	-88.7878678	748.1548770678803	47.309822	-86.249548	42.4917199	-92.88943309999999
usa wisconsin lincoln	Lincoln County, WI, USA	45.3743102	-89.7725799	68.73917877170288	45.555915	-89.424227	45.119098	-90.0465309
usa wisconsin lincoln	Lincoln, WI 54205, USA	44.6180518	-87.6420375					
usa wisconsin lincoln	Lincoln, WI, USA	44.3672675	-91.7344155	20.645598945186716	44.4224641	-91.6502	44.2902099	-91.83245910000001
usa wisconsin lincoln	Lincoln, WI, USA	45.5380249	-88.8233734	21.518261708681717	45.6372279	-88.79905	45.4644889	-88.9236279
usa wisconsin lincoln	Lincoln, WI, USA	44.7502803	-91.2313618	19.44922409824464	44.8148699	-91.16497	44.68297	-91.3267209
usa wisconsin lincoln	Lincoln, WI 54521, USA	45.89189469999999	-89.2326338	17.095157708583155	45.9825769	-89.174216	45.8565789	-89.30084910000001
usa wisconsin lincoln	Lincoln, WI, USA	44.6440048	-90.2432307	13.467912623679988	44.685396	-90.1981211	44.598335	-90.3164669
usa wisconsin lincoln	Lincoln, WI, USA	45.3324245	-92.3112311	14.781390355393725	45.3816399	-92.28479999999999	45.29570409999999	-92.429085
usa wisconsin lincoln	Lincoln, WI 54856, USA	46.3775618	-90.9704527	13.748003495772409	46.4141319	-90.92405099999999	46.32665009999999	-91.05067509999999
usa wisconsin lincoln	Lincoln, WI, USA	44.1140815	-90.46910969999999	13.65601426676686	44.161051	-90.43509689999999	44.0726919	-90.553906
usa wisconsin steigerwaldt chequamegon	Chequamegon Dr, Minocqua, WI 54548, USA	45.8937771	-89.8006914	0.8065178448145299	45.89547839999999	-89.7968313	45.8907197	-89.8046961
usa wisconsin steigerwaldt chequamegon	Chequamegon Dr, Emery, WI 54513, USA	45.6723188	-90.1156759	1.648900738203462	45.6739262	-90.10485779999999	45.671545	-90.1258043
usa wisconsin steigerwaldt chequamegon neon	Chequamegon Dr, Minocqua, WI 54548, USA	45.8937771	-89.8006914	0.8065178448145299	45.89547839999999	-89.7968313	45.8907197	-89.8046961
usa wisconsin steigerwaldt chequamegon neon	Chequamegon Dr, Emery, WI 54513, USA	45.6723188	-90.1156759	1.648900738203462	45.6739262	-90.10485779999999	45.671545	-90.1258043
usa wisconsin treehaven	Tree Haven, Holland, WI 53070, USA	43.6079159	-87.7606126	0.3036593748349586	43.60905409999999	-87.759112	43.60667249999999	-87.76095749999999
usa wisconsin treehaven	Tree Hvn, Holland, WI 53070, USA	43.6068628	-87.7608536	0.07061979942153315	43.6068645	-87.76084209999999	43.6063081	-87.761265
usa wisconsin treehaven neon	Tree Haven, Holland, WI 53070, USA	43.6079159	-87.7606126	0.3036593748349586	43.60905409999999	-87.759112	43.60667249999999	-87.76095749999999
usa wisconsin treehaven neon	Tree Hvn, Holland, WI 53070, USA	43.6068628	-87.7608536	0.07061979942153315	43.6068645	-87.76084209999999	43.6063081	-87.761265
usa woodstock new hampshire	Woodstock, NH, USA	43.9775681	-71.6850802	22.794799554990025	44.078389	-71.6412941	43.919835	-71.8219329
usa wyoming	Wyoming, USA	43.0759678	-107.2902839	722.8587010780152	45.005815	-104.0522449	40.994772	-111.0545581
usa wyoming 22wy001	Wyoming, USA	43.0759678	-107.2902839	722.8587010780152	45.005815	-104.0522449	40.994772	-111.0545581
usa wyoming 22wy003	Wyoming, USA	43.0759678	-107.2902839	722.8587010780152	45.005815	-104.0522449	40.994772	-111.0545581
usa wyoming 22wy009	Wyoming, USA	43.0759678	-107.2902839	722.8587010780152	45.005815	-104.0522449	40.994772	-111.0545581
usa wyoming 22wy010	Wyoming, USA	43.0759678	-107.2902839	722.8587010780152	45.005815	-104.0522449	40.994772	-111.0545581
usa wyoming 22wy015	Wyoming, USA	43.0759678	-107.2902839	722.8587010780152	45.005815	-104.0522449	40.994772	-111.0545581
usa wyoming yellowstone national park	Yellowstone National Park, WY 82190, USA	44.4279684	-110.5884542					
usda forest service marcell experimental forest	Marcell Experimental Forest, Balsam Township, MN 55709, USA	47.51910549999999	-93.45964080000002					
